{
  "entities": [
    "create:InfrastructureEvent",
    "create:MedicalEvent",
    "create:SuppliesEvent",
    "delete:InfrastructureEvent",
    "delete:MedicalEvent",
    "delete:SuppliesEvent",
    "read:InfrastructureEvent",
    "read:MedicalEvent",
    "read:SuppliesEvent",
    "update:InfrastructureEvent",
    "update:MedicalEvent",
    "update:SuppliesEvent"
  ],
  "endpoints": [
    "endpoint:PostCreateInfrastructureResponseEndpoint",
    "endpoint:PostCreateMedicalResponseEndpoint",
    "endpoint:PostCreateSuppliesResponseEndpoint",
    "endpoint:PostGetAllInfrastructureEndpoint",
    "endpoint:PostGetAllMedicalEndpoint",
    "endpoint:PostGetAllSuppliesEndpoint"
  ],
  "mapping": [
    {
      "permission": "create:InfrastructureEvent",
      "name": "create:InfrastructureEvent",
      "rule": {
        "action": "create:InfrastructureEvent",
        "fields": [
          "**"
        ]
      }
    },
    {
      "permission": "create:MedicalEvent",
      "name": "create:MedicalEvent",
      "rule": {
        "action": "create:MedicalEvent",
        "fields": [
          "**"
        ]
      }
    },
    {
      "permission": "create:SuppliesEvent",
      "name": "create:SuppliesEvent",
      "rule": {
        "action": "create:SuppliesEvent",
        "fields": [
          "**"
        ]
      }
    },
    {
      "permission": "delete:InfrastructureEvent",
      "name": "delete:InfrastructureEvent",
      "rule": {
        "action": "delete:InfrastructureEvent",
        "fields": [
          "**"
        ]
      }
    },
    {
      "permission": "delete:MedicalEvent",
      "name": "delete:MedicalEvent",
      "rule": {
        "action": "delete:MedicalEvent",
        "fields": [
          "**"
        ]
      }
    },
    {
      "permission": "delete:SuppliesEvent",
      "name": "delete:SuppliesEvent",
      "rule": {
        "action": "delete:SuppliesEvent",
        "fields": [
          "**"
        ]
      }
    },
    {
      "permission": "read:InfrastructureEvent",
      "name": "read:InfrastructureEvent",
      "rule": {
        "action": "read:InfrastructureEvent",
        "fields": [
          "**"
        ]
      }
    },
    {
      "permission": "read:MedicalEvent",
      "name": "read:MedicalEvent",
      "rule": {
        "action": "read:MedicalEvent",
        "fields": [
          "**"
        ]
      }
    },
    {
      "permission": "read:SuppliesEvent",
      "name": "read:SuppliesEvent",
      "rule": {
        "action": "read:SuppliesEvent",
        "fields": [
          "**"
        ]
      }
    },
    {
      "permission": "update:InfrastructureEvent",
      "name": "update:InfrastructureEvent",
      "rule": {
        "action": "update:InfrastructureEvent",
        "fields": [
          "**"
        ]
      }
    },
    {
      "permission": "update:MedicalEvent",
      "name": "update:MedicalEvent",
      "rule": {
        "action": "update:MedicalEvent",
        "fields": [
          "**"
        ]
      }
    },
    {
      "permission": "update:SuppliesEvent",
      "name": "update:SuppliesEvent",
      "rule": {
        "action": "update:SuppliesEvent",
        "fields": [
          "**"
        ]
      }
    },
    {
      "permission": "endpoint:PostCreateInfrastructureResponseEndpoint",
      "name": "endpoint:PostCreateInfrastructureResponseEndpoint",
      "rule": {
        "action": "endpoint:PostCreateInfrastructureResponseEndpoint"
      }
    },
    {
      "permission": "endpoint:PostCreateMedicalResponseEndpoint",
      "name": "endpoint:PostCreateMedicalResponseEndpoint",
      "rule": {
        "action": "endpoint:PostCreateMedicalResponseEndpoint"
      }
    },
    {
      "permission": "endpoint:PostCreateSuppliesResponseEndpoint",
      "name": "endpoint:PostCreateSuppliesResponseEndpoint",
      "rule": {
        "action": "endpoint:PostCreateSuppliesResponseEndpoint"
      }
    },
    {
      "permission": "endpoint:PostGetAllInfrastructureEndpoint",
      "name": "endpoint:PostGetAllInfrastructureEndpoint",
      "rule": {
        "action": "endpoint:PostGetAllInfrastructureEndpoint"
      }
    },
    {
      "permission": "endpoint:PostGetAllMedicalEndpoint",
      "name": "endpoint:PostGetAllMedicalEndpoint",
      "rule": {
        "action": "endpoint:PostGetAllMedicalEndpoint"
      }
    },
    {
      "permission": "endpoint:PostGetAllSuppliesEndpoint",
      "name": "endpoint:PostGetAllSuppliesEndpoint",
      "rule": {
        "action": "endpoint:PostGetAllSuppliesEndpoint"
      }
    }
  ]
}