{
  "openapi": "3.0.0",
  "info": {
    "title": "App API",
    "description": "",
    "version": "1.0.0",
    "x-logo": {
      "altText": "App"
    }
  },
  "paths": {
    "/createInfrastructureResponse": {
      "post": {
        "summary": "An endpoint for the createInfrastructureResponse process",
        "description": "An endpoint for the createInfrastructureResponse process",
        "responses": {
          "200": {
            "description": "Typical success response",
            "content": {
              "application/json": {
                "schema": {
                  "type": "object",
                  "properties": {
                    "data": {
                      "$ref": "#/components/schemas/InfrastructureEventResource"
                    },
                    "success": {
                      "type": "boolean",
                      "description": "Indicates whether the request was successful"
                    }
                  },
                  "required": [
                    "success"
                  ]
                }
              }
            }
          },
          "400": {
            "description": "Invalid request",
            "content": {
              "application/json": {
                "schema": {
                  "$ref": "#/components/schemas/ErrorResponse"
                }
              }
            }
          },
          "401": {
            "description": "Authentication required",
            "content": {
              "application/json": {
                "schema": {
                  "$ref": "#/components/schemas/ErrorResponse"
                }
              }
            }
          },
          "403": {
            "description": "Authorization denied",
            "content": {
              "application/json": {
                "schema": {
                  "$ref": "#/components/schemas/ErrorResponse"
                }
              }
            }
          },
          "default": {
            "description": "Error response describing why the operation failed",
            "content": {
              "application/json": {
                "schema": {
                  "$ref": "#/components/schemas/ErrorResponse"
                }
              }
            }
          }
        },
        "requestBody": {
          "description": "The action input body",
          "content": {
            "application/json": {
              "schema": {
                "type": "object",
                "properties": {
                  "blocked": {
                    "type": "boolean"
                  },
                  "cracks": {
                    "type": "boolean"
                  },
                  "damageLevel": {
                    "type": "integer",
                    "format": "int32",
                    "minimum": 1,
                    "maximum": 5
                  },
                  "eventid": {
                    "type": "string",
                    "pattern": "/c[a-zA-Z0-9]{24}/"
                  },
                  "lat": {
                    "type": "number",
                    "format": "float"
                  },
                  "lng": {
                    "type": "number",
                    "format": "float"
                  },
                  "looseChips": {
                    "type": "boolean"
                  },
                  "potHoles": {
                    "type": "boolean"
                  },
                  "reportDateTime": {
                    "type": "string",
                    "format": "date-time"
                  },
                  "reportType": {
                    "type": "string"
                  },
                  "slips": {
                    "type": "boolean"
                  },
                  "updateDateTime": {
                    "type": "string",
                    "format": "date-time"
                  }
                },
                "required": [
                  "blocked",
                  "cracks",
                  "damageLevel",
                  "eventid",
                  "lat",
                  "lng",
                  "looseChips",
                  "potHoles",
                  "reportDateTime",
                  "reportType",
                  "slips",
                  "updateDateTime"
                ]
              }
            }
          },
          "required": true
        },
        "parameters": []
      }
    },
    "/createMedicalResponse": {
      "post": {
        "summary": "An endpoint for the createMedicalResponse process",
        "description": "An endpoint for the createMedicalResponse process",
        "responses": {
          "200": {
            "description": "Typical success response",
            "content": {
              "application/json": {
                "schema": {
                  "type": "object",
                  "properties": {
                    "data": {
                      "$ref": "#/components/schemas/MedicalEventResource"
                    },
                    "success": {
                      "type": "boolean",
                      "description": "Indicates whether the request was successful"
                    }
                  },
                  "required": [
                    "success"
                  ]
                }
              }
            }
          },
          "400": {
            "description": "Invalid request",
            "content": {
              "application/json": {
                "schema": {
                  "$ref": "#/components/schemas/ErrorResponse"
                }
              }
            }
          },
          "401": {
            "description": "Authentication required",
            "content": {
              "application/json": {
                "schema": {
                  "$ref": "#/components/schemas/ErrorResponse"
                }
              }
            }
          },
          "403": {
            "description": "Authorization denied",
            "content": {
              "application/json": {
                "schema": {
                  "$ref": "#/components/schemas/ErrorResponse"
                }
              }
            }
          },
          "default": {
            "description": "Error response describing why the operation failed",
            "content": {
              "application/json": {
                "schema": {
                  "$ref": "#/components/schemas/ErrorResponse"
                }
              }
            }
          }
        },
        "requestBody": {
          "description": "The action input body",
          "content": {
            "application/json": {
              "schema": {
                "type": "object",
                "properties": {
                  "eventid": {
                    "type": "string",
                    "pattern": "/c[a-zA-Z0-9]{24}/"
                  },
                  "lat": {
                    "type": "number",
                    "format": "float"
                  },
                  "lng": {
                    "type": "number",
                    "format": "float"
                  },
                  "mentalLevel": {
                    "type": "integer",
                    "format": "int32",
                    "minimum": 1,
                    "maximum": 5
                  },
                  "physicalPriority": {
                    "type": "string"
                  },
                  "reportDateTime": {
                    "type": "string",
                    "format": "date-time"
                  },
                  "reportType": {
                    "type": "string"
                  },
                  "updateDateTime": {
                    "type": "string",
                    "format": "date-time"
                  }
                },
                "required": [
                  "eventid",
                  "lat",
                  "lng",
                  "mentalLevel",
                  "physicalPriority",
                  "reportDateTime",
                  "reportType",
                  "updateDateTime"
                ]
              }
            }
          },
          "required": true
        },
        "parameters": []
      }
    },
    "/createSuppliesResponse": {
      "post": {
        "summary": "An endpoint for the createSuppliesResponse process",
        "description": "An endpoint for the createSuppliesResponse process",
        "responses": {
          "200": {
            "description": "Typical success response",
            "content": {
              "application/json": {
                "schema": {
                  "type": "object",
                  "properties": {
                    "data": {
                      "$ref": "#/components/schemas/SupplieslEventResource"
                    },
                    "success": {
                      "type": "boolean",
                      "description": "Indicates whether the request was successful"
                    }
                  },
                  "required": [
                    "success"
                  ]
                }
              }
            }
          },
          "400": {
            "description": "Invalid request",
            "content": {
              "application/json": {
                "schema": {
                  "$ref": "#/components/schemas/ErrorResponse"
                }
              }
            }
          },
          "401": {
            "description": "Authentication required",
            "content": {
              "application/json": {
                "schema": {
                  "$ref": "#/components/schemas/ErrorResponse"
                }
              }
            }
          },
          "403": {
            "description": "Authorization denied",
            "content": {
              "application/json": {
                "schema": {
                  "$ref": "#/components/schemas/ErrorResponse"
                }
              }
            }
          },
          "default": {
            "description": "Error response describing why the operation failed",
            "content": {
              "application/json": {
                "schema": {
                  "$ref": "#/components/schemas/ErrorResponse"
                }
              }
            }
          }
        },
        "requestBody": {
          "description": "The action input body",
          "content": {
            "application/json": {
              "schema": {
                "type": "object",
                "properties": {
                  "eventid": {
                    "type": "string",
                    "pattern": "/c[a-zA-Z0-9]{24}/"
                  },
                  "foodSupply": {
                    "type": "integer",
                    "format": "int32",
                    "minimum": 1,
                    "maximum": 14
                  },
                  "lat": {
                    "type": "number",
                    "format": "float"
                  },
                  "lng": {
                    "type": "number",
                    "format": "float"
                  },
                  "reportDateTime": {
                    "type": "string",
                    "format": "date-time"
                  },
                  "reportType": {
                    "type": "string"
                  },
                  "updateDateTime": {
                    "type": "string",
                    "format": "date-time"
                  },
                  "waterSupply": {
                    "type": "integer",
                    "format": "int32",
                    "minimum": 1,
                    "maximum": 14
                  }
                },
                "required": [
                  "eventid",
                  "foodSupply",
                  "lat",
                  "lng",
                  "reportDateTime",
                  "reportType",
                  "updateDateTime",
                  "waterSupply"
                ]
              }
            }
          },
          "required": true
        },
        "parameters": []
      }
    },
    "/getAllInfrastructure": {
      "post": {
        "summary": "An endpoint for the getAllInfrastructure process",
        "description": "An endpoint for the getAllInfrastructure process",
        "responses": {
          "200": {
            "description": "Typical success response",
            "content": {
              "application/json": {
                "schema": {
                  "type": "object",
                  "properties": {
                    "data": {
                      "$ref": "#/components/schemas/InfrastructureEventResource"
                    },
                    "success": {
                      "type": "boolean",
                      "description": "Indicates whether the request was successful"
                    }
                  },
                  "required": [
                    "success"
                  ]
                }
              }
            }
          },
          "400": {
            "description": "Invalid request",
            "content": {
              "application/json": {
                "schema": {
                  "$ref": "#/components/schemas/ErrorResponse"
                }
              }
            }
          },
          "401": {
            "description": "Authentication required",
            "content": {
              "application/json": {
                "schema": {
                  "$ref": "#/components/schemas/ErrorResponse"
                }
              }
            }
          },
          "403": {
            "description": "Authorization denied",
            "content": {
              "application/json": {
                "schema": {
                  "$ref": "#/components/schemas/ErrorResponse"
                }
              }
            }
          },
          "default": {
            "description": "Error response describing why the operation failed",
            "content": {
              "application/json": {
                "schema": {
                  "$ref": "#/components/schemas/ErrorResponse"
                }
              }
            }
          }
        },
        "requestBody": {
          "description": "The action input body",
          "content": {
            "application/json": {
              "schema": {
                "type": "object",
                "properties": {
                  "id": {
                    "type": "string",
                    "pattern": "/c[a-zA-Z0-9]{24}/"
                  }
                },
                "required": [
                  "id"
                ]
              }
            }
          },
          "required": true
        },
        "parameters": []
      }
    },
    "/getAllMedical": {
      "post": {
        "summary": "An endpoint for the getAllMedical process",
        "description": "An endpoint for the getAllMedical process",
        "responses": {
          "200": {
            "description": "Typical success response",
            "content": {
              "application/json": {
                "schema": {
                  "type": "object",
                  "properties": {
                    "data": {
                      "$ref": "#/components/schemas/MedicalEventResource"
                    },
                    "success": {
                      "type": "boolean",
                      "description": "Indicates whether the request was successful"
                    }
                  },
                  "required": [
                    "success"
                  ]
                }
              }
            }
          },
          "400": {
            "description": "Invalid request",
            "content": {
              "application/json": {
                "schema": {
                  "$ref": "#/components/schemas/ErrorResponse"
                }
              }
            }
          },
          "401": {
            "description": "Authentication required",
            "content": {
              "application/json": {
                "schema": {
                  "$ref": "#/components/schemas/ErrorResponse"
                }
              }
            }
          },
          "403": {
            "description": "Authorization denied",
            "content": {
              "application/json": {
                "schema": {
                  "$ref": "#/components/schemas/ErrorResponse"
                }
              }
            }
          },
          "default": {
            "description": "Error response describing why the operation failed",
            "content": {
              "application/json": {
                "schema": {
                  "$ref": "#/components/schemas/ErrorResponse"
                }
              }
            }
          }
        },
        "requestBody": {
          "description": "The action input body",
          "content": {
            "application/json": {
              "schema": {
                "type": "object",
                "properties": {
                  "id": {
                    "type": "string",
                    "pattern": "/c[a-zA-Z0-9]{24}/"
                  }
                },
                "required": [
                  "id"
                ]
              }
            }
          },
          "required": true
        },
        "parameters": []
      }
    },
    "/getAllSupplies": {
      "post": {
        "summary": "An endpoint for the getAllSupplies process",
        "description": "An endpoint for the getAllSupplies process",
        "responses": {
          "200": {
            "description": "Typical success response",
            "content": {
              "application/json": {
                "schema": {
                  "type": "object",
                  "properties": {
                    "data": {
                      "$ref": "#/components/schemas/SuppliesEventResource"
                    },
                    "success": {
                      "type": "boolean",
                      "description": "Indicates whether the request was successful"
                    }
                  },
                  "required": [
                    "success"
                  ]
                }
              }
            }
          },
          "400": {
            "description": "Invalid request",
            "content": {
              "application/json": {
                "schema": {
                  "$ref": "#/components/schemas/ErrorResponse"
                }
              }
            }
          },
          "401": {
            "description": "Authentication required",
            "content": {
              "application/json": {
                "schema": {
                  "$ref": "#/components/schemas/ErrorResponse"
                }
              }
            }
          },
          "403": {
            "description": "Authorization denied",
            "content": {
              "application/json": {
                "schema": {
                  "$ref": "#/components/schemas/ErrorResponse"
                }
              }
            }
          },
          "default": {
            "description": "Error response describing why the operation failed",
            "content": {
              "application/json": {
                "schema": {
                  "$ref": "#/components/schemas/ErrorResponse"
                }
              }
            }
          }
        },
        "requestBody": {
          "description": "The action input body",
          "content": {
            "application/json": {
              "schema": {
                "type": "object",
                "properties": {
                  "id": {
                    "type": "string",
                    "pattern": "/c[a-zA-Z0-9]{24}/"
                  }
                },
                "required": [
                  "id"
                ]
              }
            }
          },
          "required": true
        },
        "parameters": []
      }
    }
  },
  "components": {
    "schemas": {
      "ErrorBody": {
        "description": "The error object",
        "type": "object",
        "properties": {
          "code": {
            "type": "string",
            "description": "One of a server-defined set of error codes."
          },
          "message": {
            "type": "string",
            "description": "A human-readable representation of the error."
          },
          "target": {
            "type": "string",
            "description": "The target of the error."
          },
          "details": {
            "type": "array",
            "items": {
              "$ref": "#/components/schemas/ErrorBody"
            }
          },
          "innererror": {
            "$ref": "#/components/schemas/InnerError"
          }
        },
        "required": [
          "code",
          "message"
        ]
      },
      "ErrorResponse": {
        "description": "The error response",
        "type": "object",
        "properties": {
          "success": {
            "type": "boolean",
            "description": "Indicates whether the request was successful",
            "default": false
          },
          "error": {
            "$ref": "#/components/schemas/ErrorBody"
          }
        },
        "required": [
          "success",
          "error"
        ]
      },
      "InnerError": {
        "description": "A more specific error object",
        "type": "object",
        "properties": {
          "code": {
            "type": "string",
            "description": "A more specific error code than was provided by the containing error."
          },
          "innererror": {
            "$ref": "#/components/schemas/InnerError"
          }
        }
      }
    },
    "responses": {},
    "parameters": {},
    "examples": {},
    "requestBodies": {},
    "headers": {},
    "securitySchemes": {},
    "links": {},
    "callbacks": {}
  },
  "tags": [],
  "servers": [
    {
      "url": "http://localhost:{port}/api/rest",
      "description": "Development server",
      "variables": {
        "port": {
          "default": "3000"
        }
      }
    }
  ]
}